temperatura_ambiente,hora_envio,id
-9.170375968370106,22.58381574178649,1.0
23.085934132197828,14.957048953632167,2.0
20.12247209832939,17.799054898845334,3.0
158.54326889748458,19.322335488987235,4.0
1.6906416546532057,20.28095157351942,5.0
-8.814612317774081,9.481280108563103,6.0
31.747360284720187,1.230323020223956,7.0
38.73452980242757,9.64503050968175,8.0
-3.2270231602654595,16.170149514818156,9.0
1.5737606882649064,10.808409258739026,10.0
33.4204761973467,17.975115620649564,11.0
36.32318989780924,8.567578307247933,12.0
10.981369140340515,15.23385938649671,13.0
-7.468876386546293,4.47407531649539,14.0
-8.030408315359029,17.984866479478967,15.0
18.69749330345052,13.09670325151262,16.0
9.644755444658951,,17.0
-8.567378621117275,7.005868163947374,18.0
19.16261961562784,17.966609005963978,19.0
-9.434873170548876,11.582429655876496,20.0
29.368597907463645,5.184754569433733,21.0
5.321641135168578,23.214508568887144,22.0
-7.987099849538395,17.16300047560531,23.0
19.417611049157667,22.971235980955107,24.0
9.884220721652737,10.250521088648238,25.0
38.69002066785748,11.402408176601291,26.0
17.20993312518511,21.55092518844046,27.0
3.761959051850415,12.601184165889231,28.0
25.471943231698734,16.974693885736013,29.0
3.5746001271355663,6.052149059892719,30.0
35.212164570378256,10.721435248863372,31.0
8.73609852536882,2.9627967794485226,32.0
17.49342813881026,4.94352086104708,33.0
-7.471344808788557,0.022641966423146,34.0
11.30606189761154,0.9423612395678456,35.0
31.61817698304975,23.454811756246304,36.0
30.282440268167093,5.816488683282295,37.0
1.2159279426763128,15.919457028096048,38.0
1.303953550528135,20.13839277119068,39.0
30.86526561066184,13.215851021677542,40.0
36.51992100846628,3.6754680020149486,41.0
-5.231953936349822,17.474794496067993,42.0
12.502931971311265,14.406033842389991,43.0
6.872713948211448,17.550014144337002,44.0
33.53442277287197,18.47391894857009,45.0
-5.823754265999062,23.409848824433883,46.0
0.5562971279018711,13.76551872064104,47.0
27.623416879324715,8.199386704574444,48.0
-7.435307550939221,15.563149365605687,49.0
14.626769035714464,1.6425770218230271,50.0
12.105351733986002,21.537535639718072,51.0
6.720058949437433,2.865144272116723,52.0
9.728615765946188,7.868228109259638,53.0
16.497029346511646,19.5778891350269,54.0
-1.931632080580844,14.335497079937085,55.0
18.59979391417964,9.44725248665861,56.0
30.27161646499932,11.362455825000511,57.0
28.008046489507954,20.509137436852328,58.0
-2.305004765311316,8.160105265437412,59.0
-2.5375265129263047,20.87159243549211,60.0
3.408718387245667,2.115226343440596,61.0
8.053736317051861,18.64316249300714,62.0
10.42277907042413,20.341143193313677,63.0
23.984860841667263,4.36362366809613,64.0
-7.165978391708229,10.32831677693281,65.0
-8.26636478869668,3.971994591927735,66.0
9.595528147195452,16.958499095861228,67.0
24.858184606899023,12.848346433479762,68.0
-0.328232852175871,15.247760320999705,69.0
22.075224062812588,4.715687206949068,70.0
2.991406897014974,5.0819006892580685,71.0
34.30430544067582,0.9959358122377528,72.0
34.78449721333082,7.729620844697513,73.0
4.864360214066325,13.4338718720082,74.0
1.4996876981620255,20.59043793593589,75.0
10.565198603311565,16.006258739008338,76.0
2.026579259007436,10.449511761594035,77.0
23.61919216458518,22.874882745459303,78.0
31.30323422741428,17.261884813819965,79.0
23.654606545560853,22.3239648687012,80.0
31.21752236246748,12.662111358531975,81.0
9.849608110373708,6.21370259503535,82.0
-2.1841514645569573,1.2678404727533277,83.0
26.89754736987961,17.42603643561241,84.0
8.023725257077693,2.911271952132819,85.0
23.563541261456628,7.266603078527212,86.0
3.5321970990882825,12.779301789213536,87.0
-5.938518259666367,13.545998106713943,88.0
39.62908977438817,14.413996727691265,89.0
-2.189924603470036,3.9901279283928153,90.0
39.42104969817405,9.11369771571957,91.0
38.86399662832236,14.812661450807202,92.0
29.69090519540198,23.275652751210835,93.0
22.97114810409988,17.46314730479253,94.0
18.890352512554237,22.142490170254987,95.0
33.305077268891736,18.29308939954025,96.0
,14.20120725341761,97.0
13.384060624243851,4.608560859272269,98.0
20.969498468325096,16.000455645420313,99.0
10.559523793474554,14.96110958303777,100.0
11.3743227045134,14.459260090974396,101.0
6.514233375104219,11.754860831717778,102.0
18.2115908342268,12.687758495742614,103.0
32.5287264007558,8.026620650834499,104.0
0.0764189003156428,12.463504623415275,105.0
36.72165193767207,4.741341736283478,106.0
24.45438268741148,19.324185536649043,107.0
31.16366063400151,4.458646912768987,108.0
17.809534631500583,39.88108663775765,109.0
28.97583507120317,10.469904632571776,110.0
-9.18998013302664,15.799378548145484,
30.91902123897676,10.505203798404992,112.0
-7.993057045731674,6.642099166831406,113.0
34.49566881814312,13.396108413370577,114.0
39.59813736193217,8.328056049892798,115.0
4.703373108838891,22.388824563039197,116.0
0.5159278142896824,22.14348335048573,117.0
28.26816819290204,12.056923679330293,118.0
2.651317046012661,7.869215856438204,119.0
33.278119158610174,17.691177934959338,120.0
-4.857870392126165,0.8811106435935994,121.0
-3.702240181032087,11.39445614504763,122.0
38.957577755030776,8.071761462488006,123.0
23.69194491350023,22.09286124246131,124.0
32.34436122144764,0.288072654544381,125.0
6.216468867575902,13.267557017240378,126.0
23.824187476030215,17.775925945599024,127.0
19.71209136542986,11.64043170057699,128.0
20.15750600614735,2.04967272390532,129.0
24.126622976886075,23.33907336066965,130.0
18.76795865645493,12.432250353026353,131.0
11.453118465133295,14.740469863656273,132.0
3.796134719027343,5.678634784980176,133.0
28.4290665456601,11.603954042563291,134.0
1.3136215001593108,10.299587806999725,135.0
24.617715307720708,1.7975002080476097,136.0
1.6666411324663315,2.5478484851392134,137.0
21.266508497722693,20.09934047085059,138.0
27.353913356451443,5.755678852958166,139.0
0.9356944453269592,4.678998515967133,140.0
-7.002834956934586,12.11787483000334,141.0
-3.451312850291296,18.44993115270031,142.0
20.299848363551277,1.48671644589571,143.0
32.47232031128678,13.84339007131814,144.0
-7.750158938228782,2.8610506281737607,145.0
26.707562952082316,0.875065219814843,146.0
7.065932297502606,1.2658548518932171,147.0
13.926418495976126,20.019938597002596,148.0
36.44297749227828,2.831339607073477,149.0
6.598575236792275,1.0836327458950068,150.0
13.266846696974302,10.509597291429897,151.0
-9.315879261965945,20.255843326608595,152.0
-5.9200639997580815,6.297801035743246,153.0
2.929579556739201,10.121102820621992,154.0
-8.60738795894628,0.9581407815300294,155.0
21.56876630241255,10.77788433923702,156.0
11.319917840081123,13.862713935291207,157.0
17.407260136401103,13.701769290051477,158.0
-1.2676407051835223,7.978240612184764,159.0
4.796601471830806,7.572796335915252,160.0
23.191223742636254,2.5589668544783493,161.0
38.26513618151999,8.803159695510441,162.0
-7.47916131988954,2.387872052951152,163.0
34.519216042763304,18.39830267308924,164.0
18.844060065560424,23.19058314595646,165.0
18.195978337781185,23.281786960000964,166.0
15.013926760388015,20.76170638500945,167.0
-6.530295704790831,14.41901158415086,168.0
-5.506157413191967,16.82077673385312,169.0
20.045600282954304,6.844939264329938,170.0
7.047928571777916,15.138490084142894,171.0
35.86340332888403,10.93558918655706,172.0
10.329526867973613,11.56841615464638,173.0
-2.835927064867945,18.18663744900379,174.0
25.7359416751018,6.76604053433404,175.0
4.667671072050492,7.632950680668477,176.0
16.27351536779466,22.19140298708728,177.0
24.8916392752585,1.349383076423334,178.0
35.01320556010352,11.65522316192017,179.0
29.609559740083803,21.90721920978868,180.0
23.818053393636205,14.648712187635768,181.0
23.981659119757182,13.11376978109117,182.0
37.296232201604326,5.993860301504525,183.0
4.791204874826802,8.238611737546758,184.0
-9.944395290190627,20.44916197931263,185.0
3.5977279699099345,13.421235162442995,186.0
0.8945689813371995,12.353812650162716,187.0
23.09172925569991,2.389913124960694,188.0
21.68557998827645,0.3846757549229549,189.0
19.67306913523619,23.12844452848918,190.0
-9.187827839527316,9.0476680148842,191.0
26.438902722532376,14.477113490388104,192.0
6.176520624274577,1.91316175649484,193.0
23.25279945033156,16.394742857353116,194.0
17.828921425107666,22.38160100894306,195.0
7.1365462713953605,13.815966071938073,196.0
-3.2711866447946125,3.0267677370098536,197.0
-5.279055116975952,13.96131665936344,198.0
31.57591665561118,18.392333114511658,199.0
35.9198771040779,9.753996877776448,200.0
22.48940233821498,21.116105950595227,201.0
-4.828294256975831,15.568390880576748,202.0
10.101360844412037,21.58197403894086,203.0
26.446960005257864,14.964127469936091,204.0
28.991044200503403,3.150911328115781,205.0
-4.08906888544557,7.432601066524539,206.0
-9.99846405773088,4.843078758058966,207.0
25.606852294030247,21.81183594520469,208.0
7.829808799310282,18.249601614899586,209.0
2.7240665809130125,16.233560853840146,210.0
-9.355126510523728,7.22319167115892,211.0
17.014970338074985,4.4170745292051246,212.0
32.557536771299084,18.15482611173388,213.0
37.881582313629394,11.379790701097912,214.0
18.287247530664462,5.418949251615099,215.0
15.72306638699471,14.798927475966602,216.0
-5.747180725537945,0.9680124513228474,217.0
17.443640077129988,7.828086099078084,218.0
8.99895394826973,11.24536787018723,219.0
20.35676404417885,3.55100001862574,220.0
9.436317393827334,23.63170746218015,221.0
2.014956172518337,5.018336750150742,222.0
-5.251736238581175,3.128475121038373,223.0
75.0240495829238,4.8848369732855135,224.0
-5.167758285612386,18.45746719583338,225.0
-1.1551524588008029,10.212135822524228,226.0
39.366807928977295,13.569982554060912,227.0
12.20517784533093,0.5042197676726579,228.0
16.593588325250828,0.8263514057595494,229.0
33.680926436860766,10.699813195848389,230.0
39.77844502453439,19.599725836838964,231.0
19.135722467234075,21.245733088981567,232.0
30.623691052208585,2.080957622295365,233.0
6.347051216833762,12.920714450424548,234.0
5.287197872364555,21.91751247070249,235.0
10.13518604972801,9.311346105549273,236.0
23.625363133682452,19.909579954280847,237.0
24.10958446275494,3.208695705586469,238.0
5.76197173247254,22.449467752027168,239.0
-3.339503793168566,18.034159620751264,240.0
21.619812823275428,22.59202542688564,241.0
-3.583706890561774,16.238813605260155,242.0
18.924625411466504,8.721694367986249,243.0
24.671106402815447,22.516348140593337,244.0
25.03057481972258,6.613602631420283,245.0
27.673605532979835,7.972140529481581,246.0
33.642971078283225,16.81940203204177,247.0
14.997949598239424,18.36759118860927,248.0
26.51245947647856,22.30568361237969,249.0
20.95863676829184,4.915257817349028,250.0
-0.6680030101158714,19.151952845261377,251.0
-8.715517756529591,17.72510528152712,252.0
4.227069283846689,1.5310693500863488,253.0
12.151685316880972,9.293355389044969,254.0
20.855297221432814,6.786370969442366,255.0
32.497966525160265,7.3077701844967295,256.0
-0.1877141646917177,23.59072510931282,257.0
-3.722510505076145,15.42665792351827,258.0
38.173997373716375,17.22422778704399,259.0
-4.597772031179645,23.43882329556022,260.0
13.92455350535946,9.05284277898333,261.0
19.27818643966509,19.244164042867343,262.0
17.068721045371912,10.428743119307889,263.0
-5.69839214835284,20.868808123559518,264.0
-7.148654299819031,4.335780991471276,265.0
-4.725828626948216,22.74446824954271,266.0
19.279384193630623,5.250521001861112,267.0
17.217244381716053,7.829292167542357,268.0
1.6870396018372134,18.14861361856273,269.0
21.888707092279574,9.450123397569762,270.0
31.00337510278247,14.59707304239472,271.0
-7.921052007670312,10.669764025666284,272.0
14.90649717740212,17.816878490154764,273.0
24.465520605134515,5.47995005684666,274.0
2.6155963534843547,1.4029916936850482,275.0
5.388545264657456,7.19830553935359,276.0
20.68189514946919,11.383407956842326,277.0
34.89676467218685,4.032481252624286,278.0
30.496221015144968,8.515134951753328,279.0
19.156510954979176,9.599592439045644,280.0
26.511085887862457,1.3774042485185651,281.0
8.241123510389933,13.999373956420907,282.0
22.048276404937887,21.2242422713109,283.0
13.30907955637785,3.641829910873258,284.0
-0.503193177121954,14.347392321636336,285.0
25.08691369386286,15.95374091786031,286.0
17.823231867441102,10.06403233006292,287.0
7.9310790976795715,16.82634209674248,288.0
35.566959503931535,9.85755704378429,289.0
-8.953294108663336,12.111294911458437,290.0
5.7886575624748,0.1764730693062475,291.0
-7.155930111117672,16.60128273923253,292.0
28.32636581108136,15.872224294673387,293.0
25.105372705689632,0.9216210558322696,294.0
6.5676109368158535,8.838002577483195,295.0
23.78314511035365,23.496764179000017,296.0
9.796861309797492,10.097677501646803,297.0
27.81268957112172,12.0466897231642,298.0
12.709183136835303,21.838323795833247,299.0
10.613986391583278,17.214285020778153,300.0
36.73649577441505,13.969683146981366,301.0
2.543954994535012,19.14731235218574,302.0
-3.977633000171728,20.74479039494336,303.0
19.22715566297291,10.965313721694404,304.0
38.466090614208944,11.402600758364049,305.0
8.891960686359333,9.26522245564406,306.0
-6.898161818560924,23.200947360443053,307.0
6.965263365478371,16.73199010296841,308.0
15.296582715977925,1.997353588993735,309.0
-1.903849668389315,20.71103095951244,310.0
22.905110902824603,11.533438580070436,311.0
39.88746945051003,1.6500937541396992,312.0
12.58697379907219,13.193214123919464,313.0
7.736427836510632,10.011942695416847,314.0
10.035208341723331,21.065985716703,315.0
-4.242691080239943,4.895870486625297,316.0
34.16368007131119,19.83515062781239,317.0
10.7412827760676,13.384528588450866,318.0
9.363720571242066,1.3106472771232571,319.0
22.98451364652372,23.32428723181163,320.0
12.101671046556175,12.302765858476798,321.0
22.4116734403923,6.98104450155798,322.0
-6.927685493460625,11.265764207742194,323.0
30.68616718611137,20.588586804419734,324.0
37.02519764397013,7.317674985241524,325.0
22.4382693079693,4.624233515680808,326.0
37.72829644294054,3.097709926341155,327.0
-2.4283842815018355,7.14862556136507,328.0
13.870809474017683,18.721154088961043,329.0
20.090336697272363,11.31903276468628,330.0
19.086832371059334,5.45955848864496,331.0
10.07308895445216,3.9884399906339807,332.0
6.904220468313071,7.985507436249098,333.0
-3.65879887247906,22.55818494925701,334.0
9.587122528113907,8.232641102160585,335.0
-1.8669592447257437,23.714977822911248,336.0
26.71828382461092,11.645530938368548,337.0
0.441546774729499,4.299934038963621,338.0
-7.071734735773307,21.387362203044223,339.0
17.618306890861717,11.048528955235843,340.0
19.76148663597008,17.032112244108585,341.0
33.59565306402528,23.609077997019643,342.0
18.84908062088409,1.204208407679376,343.0
7.274042686172287,,344.0
30.150594076316025,17.29096179510615,345.0
17.013944659371052,6.763800079091328,346.0
-6.035985768440413,4.4232335268023775,347.0
18.29252801566233,0.944685115673508,348.0
35.40092727108312,0.5243210876688433,349.0
9.815631274911029,18.58765447487498,350.0
4.816290094990004,3.2264022568692,351.0
-2.8265271490989976,11.22529478330762,352.0
-2.427723903232134,14.541523564307592,353.0
11.638574217090945,10.28044321365231,354.0
19.783991208076475,0.6505596560695945,355.0
-5.9692297415199125,18.80403606210981,356.0
36.978429451258286,0.2523173889996837,357.0
27.756680872259796,18.28535746505961,358.0
19.331195914183134,21.439307850914943,359.0
31.42193354694954,10.388158105372137,360.0
-5.990662159394335,12.853019354347158,361.0
13.84194388665622,,362.0
21.50465634308317,9.341006846962532,363.0
31.432645305914463,21.29818884888865,364.0
29.173478002463384,21.454404256079773,365.0
3.853462485669981,8.059592751396828,366.0
37.04400847796021,14.761674096352753,367.0
-3.782707928456482,22.24578149150074,368.0
33.75668093105761,23.08940397459244,369.0
38.547012480230926,12.215016970129142,370.0
-1.1423238388687214,10.867795326823842,371.0
26.103303210189267,6.688663582284619,372.0
-7.985724061100077,23.01292495656984,373.0
10.271141256957748,3.4275433073488166,374.0
15.8141649598837,13.9159098251454,375.0
19.032261295481703,6.781206420447333,376.0
36.79686241242798,6.696198968347119,377.0
23.61253436470973,9.719246097028524,378.0
14.063897560961848,23.971030459575708,379.0
30.483751813294468,1.3191913641557296,380.0
37.526641047720446,13.885003636884754,381.0
-8.896692565885457,1.981731792846652,382.0
39.126063612801936,3.7084999197724553,383.0
-5.693393046815984,10.549510602549567,384.0
30.71933896343807,12.25104315231459,385.0
4.016737627570624,6.211017800748576,386.0
-3.391017112306413,7.594971140985988,387.0
11.992781985691746,2.0872084861423934,388.0
22.19782897238068,7.277274812262013,389.0
9.04759225117375,23.19740254513306,390.0
-7.271729585865052,22.67297716013956,391.0
19.97305698293583,8.037078963287641,392.0
35.120163805533736,13.700494470690275,393.0
9.160768297362583,21.830289386662663,394.0
0.8166388815413512,0.1484117433815202,395.0
12.12886729664077,19.456405688102205,396.0
-7.581864447560957,22.76086926693405,397.0
31.024379224013742,2.191817624005369,398.0
31.317040547509336,3.874744464790105,399.0
19.400023171481426,23.05791126651253,400.0
7.655144446919476,12.900963447368312,401.0
29.98916822228917,0.3407192273213688,402.0
17.73435123941836,6.1831679703247,403.0
31.29661542750081,10.79864818245263,404.0
21.57293962915103,16.629813864594425,405.0
29.22027366063986,17.59584907528319,406.0
19.928149660888,23.890116310210946,407.0
10.70705341078331,6.9002687852102165,408.0
37.89729299630688,12.917282444843403,409.0
17.05569124394224,12.79976514863052,410.0
20.25447592702692,9.7354862267337,411.0
1.024381970737462,4.059885452218085,412.0
21.282539471363823,23.45895751641222,413.0
18.580382474147196,20.479612479998067,414.0
-0.7580801026487531,11.959992679061692,415.0
-7.020645132342814,14.477890144416715,416.0
20.217965985738555,5.454265285431895,417.0
28.18461346751603,13.050889689401926,418.0
16.17006854610041,16.67928319491542,419.0
1.3386312659822843,12.364008681278133,420.0
23.326098834651745,23.76684409403859,421.0
-5.994713669519888,14.672199749945428,422.0
12.091685240097732,8.903369102212057,423.0
-1.8316620800789905,18.531648662780118,424.0
-0.7770474470058311,4.091100277959409,425.0
0.1146974579101822,9.228379528950397,426.0
9.335352852198897,8.32701480906206,427.0
-7.442489718980118,10.363370282586654,428.0
9.889672046454908,18.76271582228943,429.0
15.585372355735045,11.62015277192178,430.0
14.164714248316262,19.056346806383104,431.0
9.139205020152026,13.83573367535678,432.0
31.957330403537625,8.20966643178133,433.0
-2.733665378974795,19.43948984840334,434.0
15.2848371890687,5.718952093274198,435.0
-6.897929152172285,5.385191515195092,436.0
-6.442216056104513,12.108070177316058,437.0
18.693292483854812,6.260381903090134,438.0
18.30092124439105,0.2180888388291917,439.0
33.90167564222285,15.559140655171236,440.0
17.89368378300366,12.266251715337551,441.0
37.98955102024251,10.69242754783587,442.0
-7.565257580003512,23.207244350839566,443.0
-5.099615760962947,13.708780415109928,444.0
-7.79670692148093,20.722357866945227,445.0
-0.736157483322998,3.346805668923844,446.0
17.063505547083906,13.660955115106264,447.0
22.2786090713714,20.83151104154167,448.0
-7.72074210256656,13.994538174717553,449.0
37.298544492279966,17.23234027504804,450.0
32.10826883251905,8.929045627492977,451.0
4.830624107854657,2.2187884088895986,452.0
-6.140623488676602,10.989607083049714,453.0
-1.5056463390471355,9.46750538013258,454.0
-3.652779312251367,20.80944437709473,455.0
-3.835811035052657,5.855887256459334,456.0
15.928084433286696,23.201621460842595,457.0
2.292372124670015,22.99531487530791,458.0
7.906985826457223,5.943159433714529,459.0
39.475266669216126,8.353246931455692,460.0
24.21571244626724,21.49333778097324,461.0
37.44903335235007,23.198933301506575,462.0
-2.8721722483442207,10.642538468065055,463.0
9.106973741628464,7.703929095381548,464.0
17.736590164117715,12.626256318037008,465.0
-6.162096905563099,16.506460952777637,466.0
-9.790627818602108,6.563388368999515,467.0
23.521716689845874,17.675356190857748,468.0
22.090975840071764,1.2397765707513848,469.0
10.53944049998059,1.1830678263459946,470.0
14.482203801601631,9.270904923493084,471.0
10.77215002960448,8.483356609457294,472.0
-8.799747757755558,7.575197168811655,473.0
6.768580310873123,11.78447430405384,474.0
-1.145887230135509,7.697605975477709,475.0
-5.078790544931563,4.614190043234206,476.0
37.83602169446749,7.427269178126422,477.0
19.96798625210828,23.39770254744564,478.0
26.43281421183013,9.866722007876366,479.0
5.768187163305875,10.673106644600058,480.0
9.65735647470076,13.83707975882736,481.0
1.846199694836173,23.60017844194144,482.0
-5.151716451728763,5.798430634458312,483.0
-1.0484181279208098,16.35077065277841,484.0
29.87570226482429,17.183632645001378,485.0
23.87729025918879,14.57578600303358,486.0
17.346443799273846,2.125880151279458,487.0
13.754493643338405,16.244934619861837,488.0
36.12171418280622,1.5382730648682117,489.0
-6.36325261106658,14.307423589197526,490.0
4.030040661895798,17.749948253321826,491.0
7.496892678535701,5.06327737487881,492.0
29.12129061063939,20.198928181026577,493.0
39.62573100809857,0.7284913327921023,494.0
2.033525737857653,20.251508727799347,495.0
33.71536670685403,11.047897215426362,496.0
31.53113802158956,5.222110558359468,497.0
1.2328698820883304,3.210675479855232,498.0
9.966629009961128,22.87937202197694,499.0
10.483643464625956,1.743974101947761,500.0
38.91103342632792,4.778242078462216,501.0
-0.9554049310550834,8.347736338393103,502.0
29.957898555239105,14.885636375066891,503.0
6.709635708655497,13.075226046626362,504.0
26.54351728880802,3.015443817895536,505.0
11.000550214783145,6.953471609717151,506.0
18.917988155827,5.730042506064578,507.0
31.63058866630656,5.125028507768193,508.0
30.20827824919421,9.867464075519688,509.0
33.321159176985006,16.896754862199764,510.0
-7.019133732767049,5.218870373213663,511.0
24.602527651987245,8.800293112871554,512.0
-3.000631163911857,9.382018244187892,513.0
10.79092840092055,23.43495670644985,514.0
17.429420752734423,22.91199256509765,515.0
10.136974237341535,19.203301986049823,516.0
15.980583790150371,5.799814099660444,517.0
39.82631543993096,1.6328955382000725,518.0
-3.239134314357264,7.605699305294994,519.0
23.77280226682128,6.4030691864119404,520.0
9.800048319280762,12.142219203513452,521.0
-3.349510054633561,18.665469841627036,522.0
-2.063161831284523,20.599750533092596,523.0
37.46365531228084,20.27673804985221,524.0
33.9800748355881,8.632213469353626,525.0
35.35209802075109,16.493624243056388,526.0
39.57663879136933,7.508020740581281,527.0
0.4157695004258972,1.4617330376443851,528.0
7.771966868203087,16.837566374470615,529.0
23.46095149624333,0.2358612616749082,530.0
14.19012699303236,9.820382099003726,531.0
10.919476668916676,7.9051024632498175,532.0
7.890562466779652,16.641060924452457,533.0
19.68903159717261,18.38989134624909,534.0
18.7796714320041,7.298271263310812,535.0
-1.927108296787996,19.479048346676485,536.0
13.586991875921951,7.05400225211841,537.0
17.673588810492493,10.71183263967747,538.0
18.514346936569524,17.448444648339215,539.0
0.50535964561759,16.630085501394927,540.0
27.11356961261434,23.6968433354928,541.0
-8.740045258946518,5.403864581182365,542.0
7.741592777158132,15.895629924949976,543.0
29.01063242678168,14.632365798618656,544.0
18.19464605277012,21.96236290776072,545.0
3.058121625543013,3.752691399477001,546.0
24.747655967152383,18.043155926086392,547.0
18.36954720780367,13.63844679045044,548.0
29.81218047281936,6.59198087490973,549.0
26.751259309491168,11.38643793953218,550.0
20.505396101811733,8.010638329675146,551.0
14.4088837655407,13.903521666923062,552.0
-3.34089371662383,21.33601465955198,553.0
3.066650894269188,13.663319625892848,554.0
10.954973645854263,15.161338039838018,555.0
19.964964350319438,12.449948330753028,556.0
15.68539276076524,1.2279721546914215,557.0
4.409226297976474,5.588605365026262,558.0
-9.676782110514472,11.808041506369984,559.0
14.811961095040695,7.445646809872914,560.0
4.281299428112154,4.362326346268661,561.0
26.730415035526757,12.09918820604252,562.0
-8.802686736475826,7.747435042748408,563.0
19.241390565289542,6.194583436161953,564.0
37.07371187530327,11.13565001856914,565.0
-1.2795366444250238,3.1988221939721555,566.0
13.58247453752977,22.265897593809772,567.0
-5.428900409143092,20.824850350061737,568.0
21.28409561306763,16.982894057772846,569.0
17.52658402981128,2.549131862122949,570.0
10.368276210641618,18.621054107272634,571.0
16.06885107368706,19.39097587461645,572.0
34.82873292345051,18.426350825144105,573.0
-0.1852848844466486,2.735181290861788,574.0
-8.871774414732638,15.453790969626354,575.0
33.083244234955046,20.02379509798557,576.0
18.855854119395325,13.856481629272023,577.0
34.53292277309212,15.513777005474136,578.0
19.84726117065863,11.000723506231347,579.0
30.50805449798512,12.688975677217265,580.0
11.483668167757395,0.8250446004414052,581.0
27.49299656441344,15.335112527358833,582.0
35.6520733444928,1.9547331093878209,583.0
18.606148186110318,10.44035026416536,584.0
-0.9607424718810228,7.023722344017788,585.0
3.439880751509909,13.090270805081117,586.0
-0.0677711551297104,3.20199205255697,587.0
2.342851379786646,16.599441647359637,588.0
5.320772467551819,19.08027688628329,589.0
17.756689337659424,3.920506793835756,590.0
19.39958147319164,2.503514096445172,591.0
11.324987362093058,3.49237158689662,592.0
20.77103899104177,21.05106148556404,593.0
-5.921253719431704,12.676542282152548,594.0
-5.610588147092002,11.21426390418006,595.0
-1.4085269821170776,2.5610836584565027,596.0
15.903874902017236,15.589344162167084,597.0
0.6997339349156775,20.83199020548216,598.0
4.164220174628866,19.876460863762876,599.0
10.015641808649704,15.025313015539233,600.0
30.593306200518988,1.806689199640167,601.0
-9.306893204356994,2.697528652224311,602.0
22.46894101183112,1.1834156906357922,603.0
23.443826552034267,6.179501195819263,604.0
29.93278901783183,3.255875211849066,605.0
36.63764695301566,6.241152966058413,606.0
-8.993107552535509,9.24139333725508,607.0
-2.310814724339191,22.63158681770725,608.0
34.30856470279965,14.64902543476061,609.0
12.925928109350767,20.03937085639109,610.0
18.229531946673177,17.048436017095973,611.0
23.15136018615737,2.700075132639162,612.0
23.953330224781872,17.662089752974772,613.0
36.58702016582541,6.602373157418986,614.0
39.847470870583486,15.338588327872952,615.0
26.00787304654701,8.183087367431725,616.0
4.361060460257541,23.94413431835182,617.0
33.98762011471718,6.325235507922668,618.0
-7.53895427296192,6.699131298582472,619.0
1.5540426437248094,22.33613413349756,620.0
34.869285873185746,0.5914657112717441,621.0
2.809575721967746,16.720535708956724,622.0
1.0325529810874237,17.407833377661074,623.0
-3.093735342987638,20.073085857849584,624.0
32.955587882345824,23.38654345532341,625.0
15.002912959554337,23.41444605975966,626.0
23.744660152707738,1.5666421815951337,627.0
1.953319203751484,19.72414374606966,628.0
27.902021050560823,15.511438407777153,629.0
28.00027724810492,15.536211224954188,630.0
5.629901245415006,3.080398238752675,631.0
10.53413165051414,15.60449199469568,632.0
0.4845138715100425,23.579581934429942,633.0
38.828051166145215,21.883645668946727,634.0
22.280128852920583,10.539135859316414,635.0
36.727194035775774,0.9587513588662642,636.0
5.169277181456659,8.695043760004916,637.0
29.094545649844484,19.83336747841333,638.0
28.292932194237103,16.835978435163984,639.0
24.582782593327074,11.024247734254953,640.0
38.28194876334002,1.3224368438119465,641.0
9.677766805315777,10.245473467759265,642.0
-3.464133820512135,11.256598553229203,643.0
23.58544296220304,22.28533278945926,644.0
26.465490023860312,15.386066485971828,645.0
18.753028672940733,7.479669999711573,646.0
0.3408946566698141,12.607638346817314,647.0
15.222797083467768,1.5853273877318417,648.0
5.60948682845647,23.341637655593683,649.0
11.373326408334451,8.641437646337424,650.0
22.260928792233194,11.46881651791526,651.0
27.260737134541728,8.526815381686141,652.0
1.6112345450671557,16.380281522788803,653.0
10.266268032347668,15.893571799910234,654.0
3.45807854958146,17.167735452699254,655.0
-0.068419306906545,6.4354375106861,656.0
29.16936099979192,7.576043547937584,657.0
35.46263472184962,3.0060295463089908,658.0
8.511609284228836,15.732239324306702,659.0
27.563946218688343,0.9551310560556612,660.0
34.84976446822056,14.344376052563018,661.0
32.30621052651158,20.87270123643921,662.0
-0.8593305730387044,21.379971558951205,663.0
37.81459407566807,10.77690624887908,664.0
8.833822021473125,11.02328851711377,665.0
6.962033058691816,1.847260392192417,666.0
-6.878433636110984,16.09836061063286,667.0
14.308682705244149,19.710226088948293,668.0
-4.549319217953565,5.871721310513113,669.0
2.426991046371299,10.111221159200753,670.0
5.847131088364069,20.132144082366487,671.0
30.4413161745842,21.05089122389491,672.0
33.77443251979483,5.836319526341423,673.0
5.123315873073484,13.21369522899274,674.0
32.93490606222869,4.619835615259849,675.0
32.861546868489555,2.445090339349357,676.0
28.232547519243678,21.86689203340698,677.0
-2.665244299240923,19.69218010157062,678.0
24.51614234503645,18.240837643276173,679.0
37.25120322902844,1.17039165151537,680.0
24.12702393835785,20.24949102504618,681.0
6.580842455391696,10.513057821729207,682.0
15.028965871541564,8.217482959100632,683.0
22.28625216755268,13.115432664609036,684.0
15.52852043642518,2.19247782536534,685.0
-4.002352913451509,18.15951718445757,686.0
5.603202232601031,13.9784418453191,687.0
30.119801527681624,4.4781623249560205,688.0
33.07090230477587,4.517572794457094,689.0
-3.134998364221488,4.421967637744181,690.0
37.61933761993623,1.3680573012464157,691.0
6.441130892430465,14.107162784920437,692.0
23.115686936536,20.168356262124195,693.0
27.59125729783405,0.4199571356973264,694.0
30.597311731894173,1.1761114793105651,695.0
37.287485111296505,13.7464866404867,696.0
5.6459774014411295,19.667896449265257,697.0
32.92532272757772,7.841733373647206,698.0
-3.4156548281896484,8.390745571385331,699.0
25.25204531767964,14.312315939922623,700.0
27.09888647569929,6.581109338979528,701.0
23.88616206006602,0.6386007858644192,702.0
2.615736806757649,17.645484434438305,703.0
33.65215735076017,15.015597910594874,704.0
-1.5570768314802503,13.93814397733582,705.0
-7.318260423958458,17.800419095803754,706.0
25.873249530595608,16.2055401014889,707.0
13.773785761636685,4.941167716279708,708.0
32.454900997933805,8.459545126640428,709.0
9.169857052912947,3.026643400287,710.0
-1.586070574614359,3.1165683220291447,711.0
31.82210962349349,16.228697912556942,712.0
17.445481582003584,20.60640256757996,713.0
-0.5402103804822556,23.105582012667337,714.0
26.01919992932229,15.080330821186664,715.0
15.555681924475028,4.418431760662967,716.0
20.215649112015992,2.535608290774337,717.0
13.044916910329093,19.508423316882187,718.0
31.43544919090032,13.890155432639984,719.0
31.47813578415249,14.838840504329276,720.0
25.46944109121931,18.75509013011302,721.0
-4.729931130176887,16.87865346557884,722.0
31.942693095203445,20.02699806854632,723.0
23.550649026645488,1.3491337310370837,724.0
24.851208300214974,17.940495281916114,725.0
8.149142020193583,20.42046617573029,726.0
33.963977807850334,6.867241018999544,727.0
26.26858001174288,15.370734575838068,728.0
-4.370476673540277,7.53988953208733,729.0
10.388901720308134,22.991305595578897,730.0
34.319018098007085,0.8021657384520902,731.0
-7.64016491513105,13.915028251990922,732.0
38.07083098210248,3.996085129188362,733.0
23.958128415978138,17.093284924251808,734.0
21.56879888216883,4.22136680204789,735.0
3.527962824399569,5.649198285560582,736.0
2.439589436958853,11.864899465098194,737.0
37.102910974429776,21.956038799925075,738.0
4.913622711706138,5.0811449315513,739.0
28.77526483594997,3.461760506834485,740.0
9.65608991035396,18.215443964496732,741.0
-3.037296460764801,12.014868776014342,742.0
-9.464235115232052,21.882842697162516,743.0
17.21286685076254,3.518749371836215,744.0
38.78894092744663,15.502269432552945,745.0
8.456809690460226,5.589099507643561,746.0
7.859616699652243,3.7622502876393433,747.0
7.204580892472105,16.40230596377449,748.0
16.027191865242923,14.248430877809596,749.0
12.033244171214676,18.11585900069595,750.0
33.99573133635072,7.427101834708377,751.0
15.276039586174516,10.75131975317256,752.0
15.38789190942844,9.731320231930043,753.0
-3.08142026397217,23.61814713519634,754.0
39.136977045519295,7.013974961745309,755.0
2.4986445434414843,7.075613720322405,756.0
-6.331796627019867,8.509157011886577,757.0
23.157312448760443,13.550257950967715,758.0
19.768318507843635,6.055745862329886,759.0
10.757282699637289,21.966958569102573,760.0
11.109611694033902,6.376453556790324,761.0
29.25319605232156,21.499577557444677,762.0
-0.2143679950175467,2.483401527518032,763.0
31.01266594724449,15.757504857591655,764.0
22.437355694750902,21.76765244251785,765.0
10.94848868897622,4.049986521557509,766.0
12.90143082919343,23.23984704238212,767.0
2.83236035930479,10.869200649972282,768.0
27.60571663484874,22.697162602584587,769.0
15.643737115263388,16.24368104712113,770.0
6.042727137492179,7.238084876965237,771.0
19.80250578804751,4.519260598010554,772.0
39.78672260256615,7.289641109402385,773.0
11.763113982827694,2.2324178223042,774.0
36.03457003893098,3.4528311922399144,775.0
7.250841996228306,2.5118505683155474,776.0
-7.263364653750706,10.150645049797388,777.0
0.2121053184214432,19.093881030182075,778.0
10.934757166384207,3.393205301192165,779.0
0.9817464297284512,3.127690396136061,780.0
-9.988648089087222,15.44229478841594,781.0
35.75007688737636,4.732391567233591,782.0
32.19397056154645,2.3426409146157985,783.0
27.11461157434736,4.004365876933863,784.0
-1.609270217698569,22.16955350104263,785.0
-3.981821189500697,19.71531006662858,786.0
-6.619762526380843,8.497549496522257,787.0
26.20145943864606,15.739698415857427,788.0
36.44039803439426,12.894616168032917,789.0
11.526791045651848,16.250982323581535,790.0
-4.042966400197592,16.384107659106224,791.0
15.61964103660533,15.08961636143983,792.0
7.441595372931506,6.386432844895406,793.0
8.741246217499885,0.9361540983076352,794.0
21.066531207785363,10.933602767762611,795.0
25.93590566311012,21.383373232576893,796.0
-4.469820056341957,13.66793420444582,797.0
-8.220488459676181,19.97738500084579,798.0
39.71651513428574,23.798984231069475,799.0
1.6364174457775924,3.9267888993186304,800.0
-7.308473754577046,16.602663339407577,801.0
-0.506233545204001,16.18304576880059,802.0
-8.05210768257679,23.518930736598683,803.0
9.590544730858582,23.654417614867207,804.0
30.12008922256621,16.480286681379106,805.0
7.062222487886032,5.846755007572662,806.0
12.209170343918329,19.165340115134377,807.0
23.779338678371943,2.5686992210649144,808.0
15.444703503494008,18.73678330011909,809.0
33.07228430106621,21.844706979472715,810.0
33.301783752287825,9.188001474442446,811.0
-9.504465225442315,15.135247079593931,812.0
28.90231532415996,10.323425570323831,813.0
13.036680012083693,10.506361319715085,814.0
39.442027065183154,7.448901338594881,815.0
14.161603793771755,18.29111089080779,816.0
39.34479726941488,22.468237539996124,817.0
27.72846806028683,22.57802062162707,818.0
2.4302442306653163,4.194750836998412,819.0
16.919748964347885,20.993847591757586,820.0
39.60678197392914,17.69835459425093,821.0
32.87653038759618,6.068097616566942,822.0
-5.131655310438945,1.6148307101163493,823.0
25.3185998404998,6.431934405225071,824.0
7.278979293540651,21.89299768275661,825.0
-9.650886905982594,15.196288197498536,826.0
10.17404845134998,17.305311861548923,827.0
1.7377210862485644,6.1716564266183,828.0
30.943463526023574,17.26531573379569,829.0
6.866530442288273,0.6749161506701702,830.0
31.376184697690853,9.007712298552333,831.0
-9.970103058260234,15.042080365015948,832.0
5.390957501305957,3.5063175729916853,833.0
2.058260715388098,19.752085786726436,834.0
1.6783680534305496,5.640751171486047,835.0
-6.590669011726865,15.65474670764271,836.0
-0.6437864794749135,9.724731421807912,837.0
17.777478494280995,14.305046291463531,838.0
4.568053641887225,2.578813263093795,839.0
10.869739116457396,0.4059071981185758,840.0
8.843344017359424,21.829546257127227,841.0
33.795246249994726,6.471120210412387,842.0
35.264949950525775,19.67224806673102,843.0
14.647848582793005,23.984407211332805,844.0
6.507797515780219,5.074350191973868,845.0
-4.659964799881818,6.364097788400534,846.0
37.67014396910475,15.908634903231976,847.0
-6.988652754985127,23.17076723041491,848.0
4.882513878414022,21.97954435657785,849.0
4.903310058500207,12.069012481574038,850.0
6.020064307010745,19.08264678064139,851.0
-1.7856578363795368,3.257900474397625,852.0
29.158071546184857,23.45851642089629,853.0
-3.875106901700539,23.144477616863675,854.0
21.74533295765814,3.929494989100103,855.0
-3.807698664709127,7.186154995274559,856.0
-6.473218120352172,2.4037199401624063,857.0
35.47147518429382,6.521222373556313,858.0
-0.4935616840647157,19.58293894596496,859.0
31.062507727985214,9.079574571966226,860.0
17.23154355535679,2.121527211522201,861.0
-6.10717401956152,8.21341259469371,862.0
37.772409571903374,23.55320002179072,863.0
2.348058349594627,15.112406286220873,864.0
32.98226726763033,9.987862713747786,865.0
-1.5594997107717905,3.99692432393448,866.0
32.69714410709264,23.66824313480868,867.0
-9.3385593547353,19.70037622231509,868.0
15.589022828474032,6.7554552588220655,869.0
28.472128971077844,1.681648697308547,870.0
36.739775874639164,1.3590133770613928,871.0
35.460106810324355,2.889075588132812,872.0
30.981243477382243,13.93844600674612,873.0
34.4095674830652,22.290322108931814,874.0
-0.0390157081461755,11.921842272143628,875.0
4.209214785586438,20.230691578948733,876.0
4.448426246052925,10.701278876635389,877.0
8.85269655008494,17.006005098427806,878.0
9.666033519259436,17.56494569487602,879.0
17.227766232733774,4.175128941680128,880.0
-2.006011831677931,8.669185415419483,881.0
24.562333189299466,15.295251756912574,882.0
-1.621673034774675,1.6967185964247884,883.0
5.5154241052273765,8.67696450631096,884.0
15.167256530307704,12.83518719074862,885.0
29.822028076173865,23.909387833071328,886.0
26.97346166193636,11.388805502938578,887.0
22.27671782052612,19.585362170743764,888.0
-2.211336970991492,10.369614841598825,889.0
17.352267280778886,19.11337734287301,890.0
-5.627674910005728,14.289955238882602,891.0
8.868158839832539,21.27829059605756,892.0
10.67582651449796,9.862621256402637,893.0
-8.009428027712309,14.503306075715493,894.0
3.699404973498592,15.120448334851858,895.0
37.78247336332447,10.01719060321136,896.0
37.68163039148448,3.4634890484995564,897.0
7.616352712626966,2.245425765896053,898.0
-7.844994552583797,0.4001172143911944,899.0
-1.0452530335909227,20.964822341885156,900.0
9.610889671677008,5.675397893728669,901.0
37.38898489846149,5.076161982762433,902.0
-2.9400468231407544,17.664849610225573,903.0
28.17579218341061,7.680386714097402,904.0
-4.565873031265396,12.14507261788408,905.0
39.06287886956384,3.900265567138951,906.0
9.080824955456748,23.033897315087263,907.0
28.7617269449528,20.437953600413696,908.0
7.129554140556593,20.73095095116008,909.0
21.383443857940435,9.762569965728126,910.0
-0.399195762998163,18.296669128972148,911.0
-2.698949035151873,3.453027729354724,912.0
36.903206978406565,0.2068560622027266,913.0
35.88236389522167,0.479350381872675,914.0
34.37344701064412,14.07844169770945,915.0
21.271672508329672,10.92947772595058,916.0
30.413410560813915,12.432368373804474,917.0
-6.548153154431255,0.1791153700132657,918.0
6.739452094533959,10.144478871778215,919.0
5.685156237857811,17.23363586882066,920.0
21.78226609763066,10.62464884721846,921.0
7.797888673532025,17.573260951493335,922.0
-2.57466091781596,5.592455145524035,923.0
19.823353770677187,19.515408107561413,924.0
30.719196033454075,14.122349770882856,925.0
9.10617472299866,5.0583143863177495,926.0
-3.386564245075915,5.68129142049199,927.0
-0.1655901343588475,15.07273114966889,928.0
1.8741652584691997,19.918550237098643,929.0
4.994879649726812,9.975066768699724,930.0
22.139753525315456,6.199210299062213,931.0
20.04727422688595,20.80827856585441,932.0
24.80399307835196,16.06243900202004,933.0
8.125099226575657,10.754051694793835,934.0
31.199882593998915,11.709604686703244,935.0
0.2043830577880143,4.902155230473514,936.0
13.452037375907697,15.043263121556254,937.0
30.046936077071518,8.609820253029326,938.0
-0.9920676133690378,23.89548424018438,939.0
-4.506844312960853,11.524404366285308,940.0
34.18419838439949,11.661254548550716,941.0
7.146483137959795,13.580442897856123,942.0
24.1935062454516,22.002144074849923,943.0
-8.732569786803076,19.219634396634007,944.0
24.502344420472483,10.827121675148195,945.0
5.805065577348525,17.248782383347105,946.0
-7.212957320627913,14.06965197073828,947.0
20.49063807740585,11.816809168829971,948.0
2.0401908036586622,4.615578546824413,949.0
9.340362102594,11.134470322917382,950.0
-5.970959385674321,5.899646088541791,951.0
-2.641837445252734,21.95621159643971,952.0
4.898861774792188,8.049763523912326,953.0
-5.512024971992143,22.85433634880093,954.0
35.54131323431576,12.793326962273069,955.0
-9.697647840801078,15.157065088227847,956.0
14.193010943215569,13.030570667743866,957.0
-3.837627093372428,3.1051348072008214,958.0
5.383954473897427,9.019709256190584,959.0
36.30297799091328,2.3795066946629744,960.0
-1.9152723363006563,14.95089706040116,961.0
38.29161598591663,39.63194638250956,962.0
0.289718849471086,18.67163931770249,963.0
27.07830542334148,5.291291543984876,964.0
17.333863244865586,3.949585402304038,965.0
34.22393637983796,9.751973543130427,966.0
17.699662775156547,22.238049197241143,967.0
16.727960957815434,17.050123560297884,968.0
-0.2270999815800056,10.054166995030048,969.0
-1.6885318974170644,12.414532074103452,970.0
35.82445755577571,2.02111226825036,971.0
6.391909942501705,23.629821513026712,972.0
8.604112748144797,15.993775312678054,973.0
27.991182921419423,6.84969764312214,974.0
6.941174121140367,14.059401461165864,975.0
37.60312233195014,2.6275767856558554,976.0
19.871462128671,4.194839709200783,978.0
34.04475802723763,15.55272763332514,979.0
-7.519704582525862,5.890907100934331,980.0
2.8531346094604366,17.221473183564857,981.0
13.251816711045496,18.643712813766747,982.0
1.3489269735760503,16.162073493874384,983.0
27.1952593651076,14.74798704612462,984.0
35.96040155268626,21.41925825484828,985.0
11.18850599654617,1.887041063754193,986.0
7.106630005594749,7.9419543787246845,987.0
38.07753660687831,5.958899511140303,988.0
12.242621641377042,23.71233508957012,989.0
14.45242002246416,9.345354712004964,990.0
7.582493617095267,17.58270478176957,991.0
35.47742365060692,16.43340393314411,992.0
18.447774164092536,5.089949699457065,993.0
28.108729359082236,5.735944325077232,994.0
30.59033591754432,6.7508295252728185,995.0
7.09245209586291,9.867054678225102,996.0
11.684716566019002,5.623801575612643,997.0
32.423588720313234,0.4716355859243473,998.0
8.162767583790512,21.10543336337269,999.0
29.696756672592564,23.17463595314122,1000.0
